epoch,auc,binary_accuracy,loss,val_auc,val_binary_accuracy,val_loss
0,0.5960550904273987,0.5189999938011169,0.5590918660163879,0.7115060091018677,0.4475446343421936,0.5452383756637573
1,0.752562403678894,0.6550999879837036,0.49128803610801697,0.8179370164871216,0.6160714030265808,0.46531942486763
2,0.8349125385284424,0.7369999885559082,0.42272162437438965,0.8901296257972717,0.6707589030265808,0.4002841114997864
3,0.8820842504501343,0.7746999859809875,0.3634014427661896,0.9228500127792358,0.7678571343421936,0.3168627619743347
