epoch,auc,binary_accuracy,loss,val_auc,val_binary_accuracy,val_loss
0,0.6005374193191528,0.5213000178337097,0.5597704648971558,0.6907265782356262,0.453125,0.5504511594772339
1,0.7531701922416687,0.6553000211715698,0.49220898747444153,0.8034965991973877,0.6328125,0.4740946292877197
2,0.8351335525512695,0.7361999750137329,0.42227768898010254,0.8962969779968262,0.6506696343421936,0.4047565162181854
3,0.8852110505104065,0.7792999744415283,0.36148375272750854,0.9313294291496277,0.7020089030265808,0.35052746534347534
